Product,Image,Regsitration
Amy,,1
Anverz,,1
Armor,,1
Armor DLX,,1
Armor Pin,,1
Beam,,1
Beam MIPS,,1
Blade+,,1
Blade+ MIPS,,1
BOB,,1
Bullet,,1
Bullet 2.0,,1
Bullet MIPS,,1
Cameleon MIPS,,1
Century,,1
Century MIPS,,1
Chiru MIPS,,1
Compact,,1
Compact DLX,,1
Compact DLX MIPS,,1
Cosmo,,1
Coyote,,1
Coyote MIPS,,1
Cyclone,,1
Cyclone MIPS,,1
Elle,,1
Emma,,1
G1,,1
G1 MIPS,,1
Gekko,,1
Gekko MIPS,,1
Grace,,1
Impala,,1
Impala MIPS,,1
J1,,1
Jackal MIPS,,1
Jade,,1
Lara+,,1
Lil'Gekko,,1
Lil'Gekko MIPS,,1
Lily,,1
Magma,,1
Magma MIPS,,1
Marie,,1
Max+,,1
Monroe,,1
Motion,,1
Neon,,1
Next+,,1
Next+ MIPS,,1
Nora,,1
Nut'Z,,1
Nut'Z MIPS,,1
O2,,1
O2 DLX,,1
Oasiz,,1
Pearl,,1
Phoenix+,,1
P'Nut,,1
P'Nut MIPS,,1
Revolution,,1
Revolution MIPS,,1
Roller,,1
Roller MIPS,,1
Street Jr,,1
Street+  ,,1
Street+ DLX,,1
Summer,,1
Tardiz2,,1
Tonic,,1
Tonic MIPS,,1
Ultrax+,,1
Urbanize MIPS,,1
Urbanize NTA MIPS,,1
Vandal,,1
Victor,,1
Volante,,1
Wasp Air   ,,1
Wasp Air Tri,,1
Z1,,1
Z1 MIPS,,1
